{ "contents": [
  {
    "category": "Furniture",    
    "monthlySales":
    [
      {
        "month":20130101,
        "sales":128189
      },
      {
        "month":20130201,
        "sales":122365
      },
      {
        "month":20130301,
        "sales":86745
      },
      {
        "month":20130401,
        "sales":59881
      },
      {
        "month":20130501,
        "sales":110569
      },
      {
        "month":20130601,
        "sales":74995
      },
      {
        "month":20130701,
        "sales":73427
      },
      {
        "month":20130801,
        "sales":95211
      },
      {
        "month":20130901,
        "sales":118333
      },
      {
        "month":20131001,
        "sales":108964
      },
      {
        "month":20131101,
        "sales":61813
      },
      {
        "month":20131201,
        "sales":143101
      }
    ]
  },
  {
    "category": "Technology",
    "monthlySales":

      [
  {
    "month":20130101,
    "sales":118038
  },
  {
    "month":20130201,
    "sales":111905
  },
  {
    "month":20130301,
    "sales":156445
  },
  {
    "month":20130401,
    "sales":120369
  },
  {
    "month":20130501,
    "sales":187563
  },
  {
    "month":20130601,
    "sales":89270
  },
  {
    "month":20130701,
    "sales":85004
  },
  {
    "month":20130801,
    "sales":140089
  },
  {
    "month":20130901,
    "sales":134563
  },
  {
    "month":20131001,
    "sales":132433
  },
  {
    "month":20131101,
    "sales":114432
  },
  {
    "month":20131201,
    "sales":128363
  }
]
  },
  {
    "category": "Office Supplies",
    "monthlySales" :
    [
    {
      "month":20130101,
      "sales":94400
    },
    {
      "month":20130201,
      "sales":41863
    },
    {
      "month":20130301,
      "sales":105018
    },
    {
      "month":20130401,
      "sales":87775
    },
    {
      "month":20130501,
      "sales":86456
    },
    {
      "month":20130601,
      "sales":112316
    },
    {
      "month":20130701,
      "sales":84378
    },
    {
      "month":20130801,
      "sales":67445
    },
    {
      "month":20130901,
      "sales":65376
    },
    {
      "month":20131001,
      "sales":109849
    },
    {
      "month":20131101,
      "sales":79775
    },
    {
      "month":20131201,
      "sales":83246
    }
  ]
}
]}