{
  "category": "Furniture",
  "region": "West",
  "monthlySales":

    [{
      "month":20130101,
      "sales":38
    },
    {
      "month":20130201,
      "sales":35
    },
    {
      "month":20130301,
      "sales":41
    },
    {
      "month":20130401,
      "sales":55
    },
    {
      "month":20130501,
      "sales":58
    },
    {
      "month":20130601,
      "sales":66
    },
    {
      "month":20130701,
      "sales":74
    },
    {
      "month":20130801,
      "sales":78
    },
    {
      "month":20130901,
      "sales":38
    },
    {
      "month":20131001,
      "sales":30
    },
    {
      "month":20131101,
      "sales":26
    },
    {
      "month":20131201,
      "sales":29
    }
  ]
}